Model,Test RMSE,Test MSE,Test R2
Random Forest,2.8298986748298827,8.008326509803926,0.8907962174500659
Linear Regression,4.772599769922682,22.777708563866035,0.689396788461476
